{"organisation":"AU_Govt_ABS_Census","name":"sa3_g04a_age_by_sex_census_2016","title":"SA3-G04a Age by Sex-Census 2016","legal":{"attribution":"{datasource.organisationTitle}, ({dataset.attributionYear}): {dataset.title}; accessed from AURIN on {dateOfAccess}.","attributionYear":"2017","clickthrough":false,"copyrightNotice":"&copy; {datasource.organisationTitle} {dataset.copyrightYear}","copyrightYear":"2017","licenceType":"Creative Commons Attribution 2.5 Australia (CC BY 2.5 AU)"},"referenceSystemIdentifier":"urn:x-ogc:def:crs:EPSG:4283","geoLevel":"sa3_2016","key":"sa3_code16","keyRegex":null,"availability":null,"geomField":"the_geom","keyword":"census,gcp,2016,sex,age,sa3,g04a,general community profile,","theme":null,"temporalExtent":null,"type":"dataset","_id":null,"bbox":null,"abstract":"SA3 based data for Age By Sex, in General Community Profile (GCP), 2016 Census. Count of persons. G04 is broken up into two sections (G04a and G04b) this section covers ???Age years 0-4 Males??? - ???Age years 55 Females???.  The data is by SA3 2016 boundaries. Periodicity: 5-Yearly. <br/>\nNote: There are small random adjustments made to all cell values to protect the confidentiality of data. These adjustments may cause the sum of rows or columns to differ by small amounts from table totals.<br/>\nFor more information visit the data source: <a href=http://www.abs.gov.au/census>http://www.abs.gov.au/census</a>. \n","selectedAttributes":[{"name":"sa3_code16","type":"String","title":"SA3 Code 2016","description":"SA3 Code 2016","stype":"nominal","isDimension":false},{"name":"sa3_name16","type":"String","title":"SA3 Name 2016","description":"SA3 Name 2016.","stype":"nominal","isDimension":false},{"name":"feature_code","type":"java.lang.String","title":"Code of Geographic feature","stype":"Nominal","description":"","isDimension":false},{"name":"feature_name","type":"java.lang.String","title":"Name of Geographic feature","stype":"Nominal","description":"","isDimension":false},{"name":"the_geom","type":"com.vividsolutions.jts.geom.MultiPolygon","title":"Geometry","stype":"Nominal","description":"","isDimension":false}],"filter":null}